[{"model": "admin.logentry", "pk": 1, "fields": {"action_time": "2020-08-08T12:29:40.284Z", "user": 1, "content_type": 7, "object_id": "11", "object_repr": "WoW: Wrath Of The Linch King (MMORPG)", "action_flag": 2, "change_message": "[{\"changed\": {\"fields\": [\"\\u0418\\u043c\\u044f \\u043f\\u0440\\u043e\\u0434\\u0443\\u043a\\u0442\\u0430\"]}}]"}}, {"model": "admin.logentry", "pk": 2, "fields": {"action_time": "2020-08-08T13:12:25.380Z", "user": 1, "content_type": 7, "object_id": "8", "object_repr": "ASSASIN'S CREED: Rogue (Action-adventure games)", "action_flag": 2, "change_message": "[{\"changed\": {\"fields\": [\"\\u0426\\u0435\\u043d\\u0430 \\u043f\\u0440\\u043e\\u0434\\u0443\\u043a\\u0442\\u0430\"]}}]"}}, {"model": "admin.logentry", "pk": 3, "fields": {"action_time": "2020-08-09T19:50:25.745Z", "user": 1, "content_type": 7, "object_id": "11", "object_repr": "World of Warcraft: Wrath Of The Linch King (MMORPG)", "action_flag": 2, "change_message": "[{\"changed\": {\"fields\": [\"\\u0418\\u043c\\u044f \\u043f\\u0440\\u043e\\u0434\\u0443\\u043a\\u0442\\u0430\"]}}]"}}, {"model": "admin.logentry", "pk": 4, "fields": {"action_time": "2020-08-09T19:54:20.774Z", "user": 1, "content_type": 7, "object_id": "11", "object_repr": "World of Warcraft: Wrath Of The Lich King (MMORPG)", "action_flag": 2, "change_message": "[{\"changed\": {\"fields\": [\"\\u0418\\u043c\\u044f \\u043f\\u0440\\u043e\\u0434\\u0443\\u043a\\u0442\\u0430\"]}}]"}}, {"model": "sessions.session", "pk": "2t547cuv88updzfprzzhe56x47c0mtpm", "fields": {"session_data": "e30:1k4qio:7wkB5f7sZX2xStbhFTrumvFl-Rykqfbvmv-wbxSKWvw", "expire_date": "2020-08-23T19:11:06.253Z"}}, {"model": "sessions.session", "pk": "436pugu2qqxy5ntd4pihg4k51e4l4tmo", "fields": {"session_data": ".eJxVjDkOwjAUBe_iGlneF0r6nMH63wsOIFuKkwpxdxIpBbRvZt6bBNjWGraRlzAnciWcXH43hPjM7QDpAe3eaextXWakh0JPOujUU37dTvfvoMKoew22AFpVsjXFaAQmBRoeOVPaAPNCgHYyGs-cdxKZTGhEicDKjgsoIJ8v4xI37g:1k5ud9:xCWmY56vUuqKF_eu_c4fpGwq4R4hR1sZRIc6nIyFjG0", "expire_date": "2020-08-26T17:33:39.503Z"}}, {"model": "sessions.session", "pk": "4iti8j6wr98ez25zsgs5rail4j5bpsx7", "fields": {"session_data": ".eJxVjDkOwjAUBe_iGlneF0r6nMH63wsOIFuKkwpxdxIpBbRvZt6bBNjWGraRlzAnciWcXH43hPjM7QDpAe3eaextXWakh0JPOujUU37dTvfvoMKoew22AFpVsjXFaAQmBRoeOVPaAPNCgHYyGs-cdxKZTGhEicDKjgsoIJ8v4xI37g:1kDUCP:Rh876SvD8eXL4dzOibrC7Cque1lVSb76nTZFNeHDUKU", "expire_date": "2020-09-16T14:57:21.565Z"}}, {"model": "sessions.session", "pk": "610mvcgd5lp2hzxplwjzgn826gasmqlr", "fields": {"session_data": ".eJxdj8sKwjAQRf8la61p00fiTsGVYkFB3YXJNLU1pcUmiiD-u6mIqNtzOffO3Emrb45MyYSMyNWMO7i4KpLWgdOebow-u4OJ9xHMtDOnlG9X8_y2cuvNQoQ74SU5GPJidS_rwit_TAEa3Q6B7bCGRmLX6-BNbXA1wW6Zz4bRX68CW3kJFcOEKVCUZkmGVCBnIkatMs4hCnlalAmmGCKUnFIW8gJEESsalRQZizNf-t59VTdgnWy6Y91-HfZ5mzyeUfxY9g:1kCK6U:MOJHRDHrBIGhtOb5GGZnZ6uDbuerZ8EcSAk2Z__ffV0", "expire_date": "2020-09-13T09:58:26.231Z"}}, {"model": "sessions.session", "pk": "a4grzh0lsszoh21n8lh7suocltkbtfam", "fields": {"session_data": "eyJuZXh0IjoiLyIsInZrLW9hdXRoMl9zdGF0ZSI6Ik90Skd4UlpqUlc2Z1hJb2xJdU5lSjdkRzZMRVBIeWRmIn0:1kAeNT:msqGcIycTMVgt8LUflvaGpFPa4yoknUTW2zpeoc84JM", "expire_date": "2020-09-08T19:13:03.913Z"}}, {"model": "sessions.session", "pk": "dr5c9gq83nr6up8kwfnlww0yi2ep86qq", "fields": {"session_data": "e30:1k4qkB:KLj9CfUx2RKnHs2UUHuC-iog78wxNlbgrrb7IBOFTp0", "expire_date": "2020-08-23T19:12:31.523Z"}}, {"model": "sessions.session", "pk": "fgjxmukj7p8ytr3lo9hsxthukfbor2di", "fields": {"session_data": ".eJxVjEEOwiAQRe_C2hBigQGX7j0DmWGmUjWQlHZlvLtt0oVu_3vvv1XCdSlp7TKnidVFBXX63QjzU-oO-IH13nRudZkn0ruiD9r1rbG8rof7d1Cwl632jkg4jCFaY6OnczYRwZnggdiyQ2EBgiESB0-BAYlgHNBuNPps1OcL-SE4sQ:1k9mD7:hadeVvMBMukdUVq2Lhv_fnN3aAC2UCyyTKT6E6wMS7w", "expire_date": "2020-09-06T09:22:45.930Z"}}, {"model": "sessions.session", "pk": "ndebqdwvqrfuxbpe5egt83298wodfwso", "fields": {"session_data": ".eJxVj8sKwjAQRf8la61p09rUndSFqKCCKK7CZJo-aG3ApD4Q_91URHR7LufemQdp1c2SCRmRAbnUQw2dLQNhLFjl6H6B8_K-Xu3SmT4WRXedLcJVej9s27Q7-ZvcSaI3RGfUWVSZU5J_JgFr1faB0VhBI1CflfehxrvU3n65nvaj_14JpnQSSoYRkyApjaMYaYKcJSEqGXMOgc_HWR7hGH2EnFPKfJ5BkoWSBjlFxsLYlX5239UNGCsaXVTtz2Hft8nzBb0oWXs:1kAy3N:NPJ0IYZyma-O6JORUZ1wxzRYD9AH2mMedlaNaM5lngk", "expire_date": "2020-09-09T16:13:37.188Z"}}, {"model": "sessions.session", "pk": "ojq5z1s1t05dddxxvhv1c59nivrkjmsq", "fields": {"session_data": ".eJxVjDkOwjAUBe_iGlneF0r6nMH63wsOIFuKkwpxdxIpBbRvZt6bBNjWGraRlzAnciWcXH43hPjM7QDpAe3eaextXWakh0JPOujUU37dTvfvoMKoew22AFpVsjXFaAQmBRoeOVPaAPNCgHYyGs-cdxKZTGhEicDKjgsoIJ8v4xI37g:1kIXts:88of7XYDPfbrYh_e37jBF4HoXf6SYQkclHD1dxRfbbc", "expire_date": "2020-09-30T13:55:08.726Z"}}, {"model": "sessions.session", "pk": "ubqbuljpdq534t38xl4w3tndc9iosy3b", "fields": {"session_data": ".eJxVjDsOwjAQRO_iGllef2NK-pzB2vUHB5AjxUmFuDuJlAK60bw382YBt7WGreclTIldmWaX344wPnM7QHpgu888zm1dJuKHwk_a-Tin_Lqd7t9BxV73dbGYYtGKABK5oXhnUAslVTHgjdEDFrJZeGuS2KPUnpTPUUIEcAqIfb7udjfM:1k9m5G:yygTO_mNKZ8GbKuL4EmJkiAt6CMZcCiLuGYYiCDT4JM", "expire_date": "2020-09-06T09:14:38.647Z"}}, {"model": "mainapp.productcategory", "pk": 1, "fields": {"name": "Shooter games", "description": "Turn off your brain. Shoot and run.", "is_active": true}}, {"model": "mainapp.productcategory", "pk": 2, "fields": {"name": "Simulator games", "description": "A tank? A warship? A helicopter? A space shuttle? I can drive it all!", "is_active": true}}, {"model": "mainapp.productcategory", "pk": 3, "fields": {"name": "Fighting games", "description": "Run! Hack and slash! Blood and mutilation!", "is_active": true}}, {"model": "mainapp.productcategory", "pk": 4, "fields": {"name": "Action-adventure games", "description": "You find adventures on your ass and try to save it.", "is_active": true}}, {"model": "mainapp.productcategory", "pk": 5, "fields": {"name": "MMORPG", "description": "If you are not sociophobe", "is_active": true}}, {"model": "mainapp.productcategory", "pk": 6, "fields": {"name": "Stealth games", "description": "I'm behind you right now. Didn't you see me?", "is_active": true}}, {"model": "mainapp.productcategory", "pk": 7, "fields": {"name": "Action-RPG", "description": "Shoot and evolve", "is_active": true}}, {"model": "mainapp.productcategory", "pk": 8, "fields": {"name": "Role-Playing Games", "description": "I can be anyone! What?! Why I can't be stool?", "is_active": true}}, {"model": "mainapp.product", "pk": 1, "fields": {"category": 1, "name": "BATTLEFIELD 1", "image": "products_images/BATTLEFIELD_1.jpg", "short_desc": "I'm too lazy for do it.", "description": "See the brief description.", "price": "30.00", "quantity": 11, "is_active": true}}, {"model": "mainapp.product", "pk": 2, "fields": {"category": 1, "name": "STAR WARS Battlefront II", "image": "products_images/STAR_WARS_Battlefront_II.jpg", "short_desc": "I'm too lazy for do it.", "description": "See the brief description.", "price": "35.00", "quantity": 13, "is_active": true}}, {"model": "mainapp.product", "pk": 3, "fields": {"category": 1, "name": "BATTLEFIELD 4", "image": "products_images/BATTLEFIELD_4.jpg", "short_desc": "I'm too lazy for do it.", "description": "See the brief description.", "price": "32.00", "quantity": 11, "is_active": true}}, {"model": "mainapp.product", "pk": 4, "fields": {"category": 1, "name": "CALL OF DUTY: Infinite Warface", "image": "products_images/CALL_OF_DUTY_Infinite_Warface.jpg", "short_desc": "I'm too lazy for do it.", "description": "See the brief description.", "price": "29.99", "quantity": 13, "is_active": true}}, {"model": "mainapp.product", "pk": 5, "fields": {"category": 2, "name": "WORLD OF TANKS", "image": "products_images/WORLD_OF_TANKS.jpg", "short_desc": "I'm too lazy for do it.", "description": "See the brief description.", "price": "10.00", "quantity": 70, "is_active": true}}, {"model": "mainapp.product", "pk": 6, "fields": {"category": 2, "name": "WORLD OF WARSHIPS", "image": "products_images/WORLD_OF_WARSHIPS.jpg", "short_desc": "I'm too lazy for do it.", "description": "See the brief description.", "price": "13.99", "quantity": 35, "is_active": true}}, {"model": "mainapp.product", "pk": 7, "fields": {"category": 3, "name": "FOR HONOR", "image": "products_images/FOR_HONOR.jpg", "short_desc": "I'm too lazy for do it.", "description": "See the brief description.", "price": "33.99", "quantity": 28, "is_active": true}}, {"model": "mainapp.product", "pk": 8, "fields": {"category": 4, "name": "ASSASIN'S CREED: Rogue", "image": "products_images/assasins-creed-rouge.jpg", "short_desc": "I'm too lazy for do it.", "description": "See the brief description.", "price": "29.99", "quantity": 42, "is_active": true}}, {"model": "mainapp.product", "pk": 9, "fields": {"category": 4, "name": "TOMB RAIDER", "image": "products_images/tomb-raider.jpg", "short_desc": "I'm too lazy for do it.", "description": "See the brief description.", "price": "25.99", "quantity": 29, "is_active": true}}, {"model": "mainapp.product", "pk": 10, "fields": {"category": 4, "name": "RYSE: Son Of Rome", "image": "products_images/ryse-son-of-rome.jpg", "short_desc": "I'm too lazy for do it.", "description": "See the brief description.", "price": "25.99", "quantity": 11, "is_active": true}}, {"model": "mainapp.product", "pk": 11, "fields": {"category": 5, "name": "World of Warcraft: Wrath Of The Lich King", "image": "products_images/WoW-Wrath-Of-The-Linch-King.jpg", "short_desc": "I'm too lazy for do it.", "description": "See the brief description.", "price": "42.56", "quantity": 110, "is_active": true}}, {"model": "mainapp.product", "pk": 12, "fields": {"category": 6, "name": "DISHONORED 2", "image": "products_images/DISHONORED_2.jpg", "short_desc": "I'm too lazy for do it.", "description": "See the brief description.", "price": "34.99", "quantity": 17, "is_active": true}}, {"model": "mainapp.product", "pk": 13, "fields": {"category": 6, "name": "THIEF", "image": "products_images/THIEF.jpg", "short_desc": "I'm too lazy for do it.", "description": "See the brief description.", "price": "37.00", "quantity": 27, "is_active": true}}, {"model": "mainapp.product", "pk": 14, "fields": {"category": 6, "name": "HITMAN", "image": "products_images/HITMAN.jpg", "short_desc": "I'm too lazy for do it.", "description": "See the brief description.", "price": "47.00", "quantity": 45, "is_active": true}}, {"model": "mainapp.product", "pk": 15, "fields": {"category": 7, "name": "MIDDLE-EARTH: Shadow Of War", "image": "products_images/MIDDLE_EARTH_Shadow_Of_War.jpg", "short_desc": "I'm too lazy for do it.", "description": "See the brief description.", "price": "25.00", "quantity": 12, "is_active": true}}, {"model": "mainapp.product", "pk": 16, "fields": {"category": 8, "name": "Planescape Torment", "image": "products_images/Planescape_Torment.jpg", "short_desc": "I'm too lazy for do it.", "description": "See the brief description.", "price": "7.92", "quantity": 8, "is_active": true}}, {"model": "mainapp.product", "pk": 18, "fields": {"category": 8, "name": "Fallout 2 (Restoration Project)", "image": "products_images/Fallout2.jpg", "short_desc": "I'm too lazy for do it.", "description": "See the brief description.", "price": "7.50", "quantity": 8, "is_active": true}}, {"model": "authapp.shopuser", "pk": 1, "fields": {"password": "pbkdf2_sha256$216000$c9qUa8EgcS53$5Q7d0tZDdH/8lxOJM5GrsP02R6dgQp0YYwyoIvcJLPc=", "last_login": "2020-09-16T13:55:08.713Z", "is_superuser": true, "username": "django", "first_name": "", "last_name": "", "email": "django@geekbrains.local", "is_staff": true, "is_active": true, "date_joined": "2020-08-05T17:13:47.476Z", "avatar": "", "age": 29, "activation_key": "", "activation_key_expires": "2020-08-25T14:10:24.591Z", "groups": [], "user_permissions": []}}, {"model": "authapp.shopuser", "pk": 2, "fields": {"password": "pbkdf2_sha256$216000$XeS9RoGLSYeN$SVaWdplkTny2NPH+lGSwN8uOUGGmudwjanOLt8DFQR0=", "last_login": "2020-08-12T17:20:04Z", "is_superuser": false, "username": "GrumpyCat", "first_name": "Tardar Sauce", "last_name": "", "email": "GrumpyCat@grumpy.cat", "is_staff": false, "is_active": true, "date_joined": "2020-08-05T17:45:38Z", "avatar": "avatars/zSC-elhD-P0_wDrflj5.jpg", "age": 40, "activation_key": "", "activation_key_expires": "2020-08-25T14:10:24.591Z", "groups": [], "user_permissions": []}}, {"model": "authapp.shopuser", "pk": 3, "fields": {"password": "pbkdf2_sha256$216000$lLdCDr48aRDa$9JwN7ZG/0SBIT/3otK0x2GAFZmOZyEWYTvVx3GzwzQs=", "last_login": null, "is_superuser": false, "username": "django2", "first_name": "django2", "last_name": "", "email": "django2@gb.local", "is_staff": false, "is_active": false, "date_joined": "2020-08-23T08:59:59.395Z", "avatar": "", "age": 30, "activation_key": "9c925a2cacc563ddf50a7383aa9f9b8df312428b", "activation_key_expires": "2020-08-25T14:58:51.399Z", "groups": [], "user_permissions": []}}, {"model": "authapp.shopuser", "pk": 4, "fields": {"password": "pbkdf2_sha256$216000$nTXG8vIflWkS$605NHC4mx5+fCF0Eg34n2mWa3MK2mkOCi2Lhl7coRzY=", "last_login": "2020-08-23T09:17:17.241Z", "is_superuser": false, "username": "django3", "first_name": "django3", "last_name": "", "email": "django3@gb.local", "is_staff": false, "is_active": true, "date_joined": "2020-08-23T09:14:27.384Z", "avatar": "", "age": 30, "activation_key": "9342f1442fbc42c4640f621563b898cd9a4f04bc", "activation_key_expires": "2020-08-25T15:12:31.668Z", "groups": [], "user_permissions": []}}, {"model": "authapp.shopuser", "pk": 5, "fields": {"password": "pbkdf2_sha256$216000$4xtaMoFo0bVr$4Ap/pnB2CgJQ28K3EOdXA848PESquu0cuuGItU6m3AQ=", "last_login": "2020-08-23T09:19:25.428Z", "is_superuser": false, "username": "django4", "first_name": "django4", "last_name": "", "email": "django4@gb.local", "is_staff": false, "is_active": true, "date_joined": "2020-08-23T09:16:32.815Z", "avatar": "", "age": 30, "activation_key": "cc663193116c5d01b7ece9936eaab5d6751bb14a", "activation_key_expires": "2020-08-25T15:15:58.793Z", "groups": [], "user_permissions": []}}, {"model": "authapp.shopuser", "pk": 6, "fields": {"password": "pbkdf2_sha256$216000$zitO8KexZNoq$knu9KcAaOgws9USUvD+ZPLwqpCW96ywbpeS7CvaQrt4=", "last_login": "2020-08-23T09:19:08.192Z", "is_superuser": false, "username": "django5", "first_name": "django5", "last_name": "", "email": "django5@gb.local", "is_staff": false, "is_active": true, "date_joined": "2020-08-23T09:18:36.923Z", "avatar": "", "age": 30, "activation_key": "16e9f99c6d04a598a2a8472aa30a72085d8603ff", "activation_key_expires": "2020-08-25T15:15:58.793Z", "groups": [], "user_permissions": []}}, {"model": "authapp.shopuser", "pk": 7, "fields": {"password": "pbkdf2_sha256$216000$yXIhw0ZXProc$4CRXEi8UUPooF3hoqExeyzS8fxC1Y3jZzGnn6/pgd4k=", "last_login": "2020-08-23T09:22:53.253Z", "is_superuser": false, "username": "Some_User", "first_name": "Some_User", "last_name": "", "email": "Some_User@gb.local", "is_staff": false, "is_active": true, "date_joined": "2020-08-23T09:21:34.739Z", "avatar": "", "age": 30, "activation_key": "d1aa4d6c29f98a42e21ec1117db4b38216595a9e", "activation_key_expires": "2020-08-25T15:15:58.793Z", "groups": [], "user_permissions": []}}, {"model": "authapp.shopuser", "pk": 8, "fields": {"password": "pbkdf2_sha256$216000$axWYWCHJvM1u$e5coBmDJb+iVM4BGTE4WnAfGU/BXlvcWumHOyiFr7NI=", "last_login": "2020-08-23T09:22:45.919Z", "is_superuser": false, "username": "Some_User2", "first_name": "Some_User2", "last_name": "", "email": "Some_User2@gb.local", "is_staff": false, "is_active": true, "date_joined": "2020-08-23T09:22:35.411Z", "avatar": "", "age": 30, "activation_key": "a7ff88be5ee38b5d0dc617c16a867f9f4f81b170", "activation_key_expires": "2020-08-25T15:15:58.793Z", "groups": [], "user_permissions": []}}, {"model": "authapp.shopuser", "pk": 9, "fields": {"password": "!rl6leDoIYGIiSw6oMAP2MR5yFUCrAXFS6jZSAbJ3", "last_login": "2020-08-30T09:58:26.220Z", "is_superuser": false, "username": "booratello", "first_name": "Глеб", "last_name": "Круглов", "email": "booratello@mail.ru", "is_staff": false, "is_active": true, "date_joined": "2020-08-26T15:41:28.906Z", "avatar": "", "age": 29, "activation_key": "", "activation_key_expires": "2020-08-28T21:41:13.711Z", "groups": [], "user_permissions": []}}, {"model": "authapp.shopuserprofile", "pk": 1, "fields": {"user": 1, "tagline": "", "aboutMe": "", "gender": "", "vk_url": "", "lang": ""}}, {"model": "authapp.shopuserprofile", "pk": 2, "fields": {"user": 2, "tagline": "", "aboutMe": "", "gender": "", "vk_url": "", "lang": ""}}, {"model": "authapp.shopuserprofile", "pk": 3, "fields": {"user": 3, "tagline": "", "aboutMe": "", "gender": "", "vk_url": "", "lang": ""}}, {"model": "authapp.shopuserprofile", "pk": 4, "fields": {"user": 4, "tagline": "", "aboutMe": "", "gender": "", "vk_url": "", "lang": ""}}, {"model": "authapp.shopuserprofile", "pk": 5, "fields": {"user": 5, "tagline": "", "aboutMe": "", "gender": "", "vk_url": "", "lang": ""}}, {"model": "authapp.shopuserprofile", "pk": 6, "fields": {"user": 6, "tagline": "", "aboutMe": "", "gender": "", "vk_url": "", "lang": ""}}, {"model": "authapp.shopuserprofile", "pk": 7, "fields": {"user": 7, "tagline": "", "aboutMe": "", "gender": "", "vk_url": "", "lang": ""}}, {"model": "authapp.shopuserprofile", "pk": 8, "fields": {"user": 8, "tagline": "", "aboutMe": "", "gender": "", "vk_url": "", "lang": ""}}, {"model": "authapp.shopuserprofile", "pk": 9, "fields": {"user": 9, "tagline": "", "aboutMe": "", "gender": "M", "vk_url": "https://vk.com/booratello", "lang": ""}}, {"model": "basketapp.basket", "pk": 6, "fields": {"user": 2, "product": 4, "quantity": 1, "add_datetime": "2020-08-05T17:55:20.131Z"}}, {"model": "basketapp.basket", "pk": 15, "fields": {"user": 9, "product": 16, "quantity": 1, "add_datetime": "2020-08-26T16:14:44.597Z"}}, {"model": "basketapp.basket", "pk": 16, "fields": {"user": 9, "product": 18, "quantity": 1, "add_datetime": "2020-08-26T16:14:47.185Z"}}, {"model": "basketapp.basket", "pk": 23, "fields": {"user": 1, "product": 4, "quantity": 1, "add_datetime": "2020-09-16T14:15:35.931Z"}}, {"model": "basketapp.basket", "pk": 24, "fields": {"user": 1, "product": 11, "quantity": 2, "add_datetime": "2020-09-16T14:22:24.802Z"}}, {"model": "basketapp.basket", "pk": 25, "fields": {"user": 1, "product": 12, "quantity": 1, "add_datetime": "2020-09-16T14:22:42.584Z"}}, {"model": "basketapp.basket", "pk": 26, "fields": {"user": 1, "product": 18, "quantity": 1, "add_datetime": "2020-09-16T14:23:53.191Z"}}, {"model": "basketapp.basket", "pk": 27, "fields": {"user": 1, "product": 16, "quantity": 2, "add_datetime": "2020-09-16T14:24:54.121Z"}}, {"model": "social_django.usersocialauth", "pk": 14, "fields": {"user": 9, "provider": "vk-oauth2", "uid": "46853381", "extra_data": "{\"auth_time\": 1598781506, \"id\": 46853381, \"expires\": 86399, \"access_token\": \"494419dd5b7ec9f7429afd8943f0ce4d002b83b9f787984fed5ecdbdc76012390162b9215e3ecb559282e\", \"token_type\": null}", "created": "2020-08-26T15:41:29.105Z", "modified": "2020-08-30T09:58:26.192Z"}}, {"model": "ordersapp.order", "pk": 1, "fields": {"user": 1, "created": "2020-08-30T09:50:21.024Z", "updated": "2020-08-30T09:50:21.058Z", "status": "FM", "is_active": true}}, {"model": "ordersapp.order", "pk": 2, "fields": {"user": 1, "created": "2020-08-30T09:50:52.008Z", "updated": "2020-08-30T10:21:19.118Z", "status": "FM", "is_active": false}}, {"model": "ordersapp.order", "pk": 3, "fields": {"user": 1, "created": "2020-08-30T10:21:32.825Z", "updated": "2020-08-30T10:35:17.968Z", "status": "STP", "is_active": true}}, {"model": "ordersapp.order", "pk": 4, "fields": {"user": 1, "created": "2020-08-30T11:26:19.152Z", "updated": "2020-09-02T14:59:43.947Z", "status": "FM", "is_active": false}}, {"model": "ordersapp.order", "pk": 5, "fields": {"user": 1, "created": "2020-09-02T15:11:22.637Z", "updated": "2020-09-02T15:12:44.530Z", "status": "FM", "is_active": false}}, {"model": "ordersapp.order", "pk": 6, "fields": {"user": 1, "created": "2020-09-02T18:02:01.062Z", "updated": "2020-09-02T19:24:30.128Z", "status": "FM", "is_active": false}}, {"model": "ordersapp.order", "pk": 7, "fields": {"user": 1, "created": "2020-09-02T18:34:50.134Z", "updated": "2020-09-02T18:34:50.151Z", "status": "FM", "is_active": true}}, {"model": "ordersapp.order", "pk": 8, "fields": {"user": 1, "created": "2020-09-02T18:52:49.038Z", "updated": "2020-09-02T19:27:17.718Z", "status": "FM", "is_active": true}}, {"model": "ordersapp.order", "pk": 9, "fields": {"user": 1, "created": "2020-09-16T13:55:23.610Z", "updated": "2020-09-16T13:55:30.930Z", "status": "FM", "is_active": true}}, {"model": "ordersapp.order", "pk": 10, "fields": {"user": 1, "created": "2020-09-16T13:55:34.266Z", "updated": "2020-09-16T13:55:34.282Z", "status": "FM", "is_active": false}}, {"model": "ordersapp.orderitem", "pk": 1, "fields": {"order": 1, "product": 2, "quantity": 1}}, {"model": "ordersapp.orderitem", "pk": 2, "fields": {"order": 1, "product": 5, "quantity": 4}}, {"model": "ordersapp.orderitem", "pk": 3, "fields": {"order": 1, "product": 1, "quantity": 2}}, {"model": "ordersapp.orderitem", "pk": 4, "fields": {"order": 1, "product": 6, "quantity": 2}}, {"model": "ordersapp.orderitem", "pk": 5, "fields": {"order": 1, "product": 4, "quantity": 1}}, {"model": "ordersapp.orderitem", "pk": 6, "fields": {"order": 1, "product": 8, "quantity": 5}}, {"model": "ordersapp.orderitem", "pk": 7, "fields": {"order": 1, "product": 9, "quantity": 5}}, {"model": "ordersapp.orderitem", "pk": 8, "fields": {"order": 1, "product": 10, "quantity": 2}}, {"model": "ordersapp.orderitem", "pk": 9, "fields": {"order": 1, "product": 7, "quantity": 1}}, {"model": "ordersapp.orderitem", "pk": 10, "fields": {"order": 1, "product": 11, "quantity": 2}}, {"model": "ordersapp.orderitem", "pk": 11, "fields": {"order": 2, "product": 2, "quantity": 1}}, {"model": "ordersapp.orderitem", "pk": 12, "fields": {"order": 3, "product": 16, "quantity": 2}}, {"model": "ordersapp.orderitem", "pk": 13, "fields": {"order": 3, "product": 18, "quantity": 1}}, {"model": "ordersapp.orderitem", "pk": 14, "fields": {"order": 4, "product": 1, "quantity": 1}}, {"model": "ordersapp.orderitem", "pk": 15, "fields": {"order": 4, "product": 15, "quantity": 1}}, {"model": "ordersapp.orderitem", "pk": 16, "fields": {"order": 5, "product": 18, "quantity": 3}}, {"model": "ordersapp.orderitem", "pk": 17, "fields": {"order": 5, "product": 16, "quantity": 2}}, {"model": "ordersapp.orderitem", "pk": 19, "fields": {"order": 7, "product": 3, "quantity": 3}}, {"model": "ordersapp.orderitem", "pk": 20, "fields": {"order": 8, "product": 14, "quantity": 1}}, {"model": "ordersapp.orderitem", "pk": 21, "fields": {"order": 8, "product": 9, "quantity": 2}}, {"model": "ordersapp.orderitem", "pk": 22, "fields": {"order": 8, "product": 13, "quantity": 3}}, {"model": "ordersapp.orderitem", "pk": 23, "fields": {"order": 8, "product": 10, "quantity": 2}}, {"model": "ordersapp.orderitem", "pk": 24, "fields": {"order": 8, "product": 15, "quantity": 3}}, {"model": "ordersapp.orderitem", "pk": 25, "fields": {"order": 8, "product": 16, "quantity": 3}}, {"model": "ordersapp.orderitem", "pk": 28, "fields": {"order": 8, "product": 12, "quantity": 2}}, {"model": "ordersapp.orderitem", "pk": 31, "fields": {"order": 8, "product": 10, "quantity": 3}}, {"model": "ordersapp.orderitem", "pk": 32, "fields": {"order": 9, "product": 6, "quantity": 1}}]